<?xml version="1.0"?>
<project name="ITS_HostClaims_BOT_Phase2" default="cleanup" basedir="." xmlns:git="antlib:com.rimerosolutions.ant.git" xmlns="antlib:org.apache.tools.ant">

<property name ="base.path" value="C:\Automation\node\workspace\ITS_HostClaims_BOT_Phase2"/>
<property name ="cloned.path" value="${base.path}\cloned"/>	
<property name ="temp.path" value="${base.path}\temp"/>
<property name ="deploy.path" value="${base.path}\deployed"/>
<property name ="jars.path" value="C:\Jenkins\automation\jars"/>
<property name ="git.url" value="https://#{PAT_Token_RegressionTesting}#@dev.azure.com/BCBSRI/QA-Project/_git/IT_HostClaims"/>
<property name ="git.user" value="SVCSELTSO"/>
<property name ="git.password" value="#{PAT_Token_RegressionTesting}#"/>
<property name ="git.name" value="SVCSELTSO@BCBSRI.ORG"/>
<property name ="git.email" value="SVCSELTSO@BCBSRI.ORG"/>

<!-- QTPData test data folder for FACETS test scripts -->
<!--property name="test.data.path" value="D:\Receiver\QTPData"/-->
<macrodef name="git">
	<attribute name="command" />
	<attribute name="dir" default=""/>
	<element name="args" optional="true" />
	<sequential>
		<echo message="git @{command}" />
		<exec executable="git" dir="@{dir}">
			<arg value="@{command}" />
			<args/>
		</exec>
	</sequential>
</macrodef>
 
<path id="build.path">
  <fileset dir="C:\Jenkins\automation\jars\seo2">
    <include name="**/*.jar"/>
  </fileset>
  <fileset dir="${jars.path}\selenium\selenium3.6.0">
    <include name="**/*.jar"/>
  </fileset>
  <fileset dir="${jars.path}\poi">
    <include name="**/*.jar"/>
  </fileset>
    <fileset dir="${jars.path}\log4j">
    <include name="**/*.jar"/>
  </fileset>
  <fileset dir="${jars.path}\others">
    <include name="**/*.jar"/>
  </fileset>
  <fileset dir="${jars.path}\ftp">
    <include name="**/*.jar"/>
  </fileset>
  <fileset dir="${jars.path}\oracle">
    <include name="**/*.jar"/>
  </fileset>
  <fileset dir="${jars.path}\pdfbox">
    <include name="**/*.jar"/>
  </fileset>
  <fileset dir="${jars.path}\encrypt">
    <include name="**/*.jar"/>	
  </fileset> 
  <fileset dir="${jars.path}"> 
	  <include name="**/*.jar"/>	
  </fileset>  
</path>

<target name="init" >
	<delete dir ="${base.path}" />
	<mkdir dir ="${base.path}" />
	<mkdir dir="${cloned.path}" />
	<mkdir dir="${temp.path}" />
	<mkdir dir="${deploy.path}" />
</target>

<target name="clone" depends="init">
    <echo message="Downloading source from Git" />
	 <git command="clone">
		<args>
		  <arg value="${git.url}" />
		  <arg value="${cloned.path}" />
		  <arg value="--branch" />
		  <arg value="ITSHost_Prod" />
		</args>
	 </git>
</target>

<target name="dist" depends="clone" >
	<mkdir dir="${temp.path}\bin" />	
	<javac  srcdir="${cloned.path}\src" destdir="${temp.path}\bin">
		<classpath refid="build.path" />
	</javac>
	<mkdir dir="${temp.path}\lib"/>
	<jar destfile="${temp.path}\lib\Rates.jar"   basedir="${temp.path}\bin">
	</jar>
	<delete dir="${temp.path}\bin" />
	<!--delete dir ="${cloned.path}\src" /-->
</target>

<target name="deploy" depends="dist">
<copy file="${temp.path}\lib\Rates.jar"  todir ="${deploy.path}\lib" />
<copy file="${jars.path}\seo2\SeO2.jar" todir="${deploy.path}\lib"/>
<!--
Below code is added to move the test data file from the cloned path to the expected QTPData folder 
-->
<!--copy file="${cloned.path}\resources\testdata\ITS Host New Claims Test.xlsx" todir="${test.data.path}"/-->
<copy todir="${deploy.path}\lib">
    <fileset dir="${jars.path}" includes="**/*.jar"/>
</copy>

<!--echo message="Executing bat from ant" />
<property name="bat.file.path" value="D:/Testing/"/>

<exec dir="${bat.file.path}" executable="cmd">
	<arg line="/c Listener_HostClaimsITS_EAdj.bat"/>
</exec>

<echo message=" DOne  Executing bat from ant" /-->

</target>


<target name="run" depends="deploy" >
	<java classname="com.dell.acoe.framework.run.TestRunner" classpathref="build.path">
		<arg value="${cloned.path}/resources/config/Execute_ITSHostClaims.xls"/>
		<classpath>
			<pathelement location="${deploy.path}\lib\Rates.jar"/>
		</classpath>
		<classpath refid="build.path" />
	</java>
</target>

<target name="cleanup" depends="run">
	<!-- <delete dir ="${base.path}" /> -->
</target>

</project>
