Test Case,Test Path,Test Set,Test Case Name in ALM,Status
IDC009_IDC010,Root\EPMO\2019 Oracle SOA Upgrade\Wave1\Functional_Automation_Baseline,FO,IDC009_IDC010,
CLM026,Root\EPMO\2019 Oracle SOA Upgrade\WAVE2A\Functional_Automation,AI,CLM026,
CLM027,Root\EPMO\2019 Oracle SOA Upgrade\WAVE2A\Functional_Automation,AI,CLM027,
CLM028,Root\EPMO\2019 Oracle SOA Upgrade\WAVE2A\Functional_Automation,AI,CLM028,
CLM030,Root\EPMO\2019 Oracle SOA Upgrade\WAVE2A\Functional_Automation,AI,CLM030,
CLM031,Root\EPMO\2019 Oracle SOA Upgrade\WAVE2A\Functional_Automation,AI,CLM031,
CLM032,Root\EPMO\2019 Oracle SOA Upgrade\WAVE2A\Functional_Automation,AI,CLM032,
CLM008,Root\EPMO\2019 Oracle SOA Upgrade\WAVE2A\Functional_Automation,AI,CLM008,
PDM001,Root\EPMO\2019 Oracle SOA Upgrade\WAVE2A\Functional_Automation,AI,PDM001,
PDM002,Root\EPMO\2019 Oracle SOA Upgrade\WAVE2A\Functional_Automation,AI,PDM002,
PDM003,Root\EPMO\2019 Oracle SOA Upgrade\WAVE2A\Functional_Automation,AI,PDM003,
SXC003,Root\EPMO\2019 Oracle SOA Upgrade\WAVE2A\Functional_Automation,AI,SXC003,
SXC002,Root\EPMO\2019 Oracle SOA Upgrade\WAVE2A\Functional_Automation,AI,SXC002,
GBN003,Root\EPMO\2019 Oracle SOA Upgrade\WAVE2A\Functional_Automation,AI,GBN003,
