<Environment>
	<Variable>
		<Name>ALM_DOMAIN</Name>
		<Value><![CDATA[Default]]></Value>
	</Variable>
	<Variable>
		<Name>ALM_PASSWORD</Name>
		<Value><![CDATA[Welcome@12]]></Value>
	</Variable>
	<Variable>
		<Name>ALM_PROJECT</Name>
		<Value><![CDATA[BCBSRI_2017_Model]]></Value>
	</Variable>
	<Variable>
		<Name>ALM_SELENIUM_MAPPING</Name>
		<Value><![CDATA[D:\Jenkins\automation\builds\SFDC\cloned\resources\ALM\scripts\SalesForce QC Mapping.csv]]></Value>
	</Variable>
	<Variable>
		<Name>ALM_URL</Name>
		<Value><![CDATA[http://bripwvhpqctr03:8080/qcbin]]></Value>
	</Variable>
	<Variable>
		<Name>ALM_USERNAME</Name>
		<Value><![CDATA[l14ptso]]></Value>
	</Variable>
	<Variable>
		<Name>ALM_TEST_REPORT_PATH</Name>
		<Value><![CDATA[D:\Jenkins\automation\builds\SFDC\cloned\resources\Report_lx999_20160811b2_20180905_145553\]]></Value>
	</Variable>
</Environment>
