Test Case,Test Path,Test Set,Test Case Name in ALM,Status
TC1_Validate_QPILetters_BCBSRICommercialDismissalDidNotReceiveDesigneeForm,Root\BAU\Regression\Regression Validation\R18.11A Regression\Sales Force,Letters and Prints,TC1_Validate QPI Letters_BCBSRI Commercial Dismissal Did Not Receive Designee Form,
TC2_Validate_QPILetters_BCBSRICommercialDetermination,Root\BAU\Regression\Regression Validation\R18.11A Regression\Sales Force,Letters and Prints,TC2_Validate QPI Letters_BCBSRI Commercial Determination,
TC3_ValidateQPILetters_FEPDismissalRegulatoryAgency,Root\BAU\Regression\Regression Validation\R18.11A Regression\Sales Force,Letters and Prints,TC3_Validate QPI Letters_FEP Dismissal Regulatory Agency,
TC4_ValidateQPILetters_FEPDismissalIncompleteInformation,Root\BAU\Regression\Regression Validation\R18.11A Regression\Sales Force,Letters and Prints,TC4_Validate QPI Letters_FEP Dismissal Incomplete Information,
TC5_ValidateQPILetters_MedicareApptofRepresentative,Root\BAU\Regression\Regression Validation\R18.11A Regression\Sales Force,Letters and Prints,TC5_Validate QPI Letters_Medicare Appt of Representative,
TC6_ValidateQPILetters_MedicareDismissalLetterInsertVersions,Root\BAU\Regression\Regression Validation\R18.11A Regression\Sales Force,Letters and Prints,TC6_Validate QPI Letters_Medicare Dismissal Letter Insert Versions,
TC7_ValidateQPIProviderLetters_ProviderClosureCND,Root\BAU\Regression\Regression Validation\R18.11A Regression\Sales Force,Letters and Prints,TC7_Validate QPI Provider Letters_Provider Closure CND,
TC8_ValidateQPIProviderLetters_ProviderCAPAccepted,Root\BAU\Regression\Regression Validation\R18.11A Regression\Sales Force,Letters and Prints,TC8_Validate QPI Provider Letters_Provider CAP Accepted,
TC9_ValidateGAUMedicareAdminLetters_MedicareAdministrativeComplaintLetterPlan65_ProviderLiability,Root\BAU\Regression\Regression Validation\R18.11A Regression\Sales Force,Letters and Prints,TC9_Validate GAU Medicare Admin Letters_Medicare Administrative Complaint Letter (Plan65 + Provider Liability),
TC10_ValidateGAUMedicareAdminLetters_MedicarePartCandDAppealApproval,Root\BAU\Regression\Regression Validation\R18.11A Regression\Sales Force,Letters and Prints,TC10_Validate GAU Medicare Admin Letters_Medicare Part C and D Appeal Approval,
TC11_ValidateGAUCommercialAdminLetters_CommercialAdministrativeMemberLiabilityAppealApprovalorDeny,Root\BAU\Regression\Regression Validation\R18.11A Regression\Sales Force,Letters and Prints,TC11_Validate GAU Commercial Admin Letters_Commercial Administrative Member Liability Appeal Approval or Deny,
TC12_GAUCommercialAdminLettersBypassingApprovalProcess,Root\BAU\Regression\Regression Validation\R18.11A Regression\Sales Force,Letters and Prints,TC12_GAU Commercial Admin Letters By passing Approval Process,
TC13_ValidateGAUClinicalCommercialLetters_CommercialMemberAppealRightsattachment,Root\BAU\Regression\Regression Validation\R18.11A Regression\Sales Force,Letters and Prints,TC13_Validate GAU Clinical Commercial Letters_Commercial Member Appeal Rights attachment,
TC14_GAUCommercialClinicalLettersBypassingApprovalProcess,Root\BAU\Regression\Regression Validation\R18.11A Regression\Sales Force,Letters and Prints,TC14_GAU Commercial Clinical Letters By passing Approval Process,
TC15_ClaimInformationinLetters_TC02_CommercialL2DenialMedicalProvider_MemberLiabilityAppeal,Root\BAU\Regression\Regression Validation\R18.11A Regression\Sales Force,Letters and Prints,Tc15_Claim Information in Letters_TC02_Commercial L2 Denial Medical Provider_Member Liability Appeal,
TC16_ValidateGAUClinicalMedicareLetters_MedicareClinicalMaximusEffectuation,Root\BAU\Regression\Regression Validation\R18.11A Regression\Sales Force,Letters and Prints,TC16_Validate GAU Clinical Medicare Letters_Medicare Clinical Maximus Effectuatio,
TC17_GAUMedicareClinicalLettersBypassingApprovalProcess,Root\BAU\Regression\Regression Validation\R18.11A Regression\Sales Force,Letters and Prints,TC17_GAU Medicare Clinical Letters By passing Approval Process,
RQ001332_Security_1,Root\BAU\Regression\Regression Validation\R18.11A Regression\Sales Force,Security,RQ001332_Security_1,
RQ001332_Security_2,Root\BAU\Regression\Regression Validation\R18.11A Regression\Sales Force,Security,RQ001332_Security_2,
RQ001332_Security_4_6,Root\BAU\Regression\Regression Validation\R18.11A Regression\Sales Force,Security,RQ001332_Security_4,
RQ001332_Security_5_6,Root\BAU\Regression\Regression Validation\R18.11A Regression\Sales Force,Security,RQ001332_Security_5,
RQ001332_Security_7,Root\BAU\Regression\Regression Validation\R18.11A Regression\Sales Force,Security,RQ001332_Security_7,
RQ001332_Security_8,Root\BAU\Regression\Regression Validation\R18.11A Regression\Sales Force,Security,RQ001332_Security_8,
RQ001332_Security_10,Root\BAU\Regression\Regression Validation\R18.11A Regression\Sales Force,Security,RQ001332_Security_10,
RQ001332_Security_12,Root\BAU\Regression\Regression Validation\R18.11A Regression\Sales Force,Security,RQ001332_Security_12,
RQ001332_Security_13,Root\BAU\Regression\Regression Validation\R18.11A Regression\Sales Force,Security,RQ001332_Security_13,
RQ001332_Security_14,Root\BAU\Regression\Regression Validation\R18.11A Regression\Sales Force,Security,RQ001332_Security_14,
RQ001332_Security_15,Root\BAU\Regression\Regression Validation\R18.11A Regression\Sales Force,Security,RQ001332_Security_15,
RQ001332_Security_16,Root\BAU\Regression\Regression Validation\R18.11A Regression\Sales Force,Security,RQ001332_Security_16,
RQ001332_Security_17,Root\BAU\Regression\Regression Validation\R18.11A Regression\Sales Force,Security,RQ001332_Security_17,
RQ001332_Security_19,Root\BAU\Regression\Regression Validation\R18.11A Regression\Sales Force,Security,RQ001332_Security_19,
RQ001332_Security_20,Root\BAU\Regression\Regression Validation\R18.11A Regression\Sales Force,Security,RQ001332_Security_20,
RQ001332_Security_21,Root\BAU\Regression\Regression Validation\R18.11A Regression\Sales Force,Security,RQ001332_Security_21,
RQ001332_Security_22,Root\BAU\Regression\Regression Validation\R18.11A Regression\Sales Force,Security,RQ001332_Security_22,
RQ001332_Security_23,Root\BAU\Regression\Regression Validation\R18.11A Regression\Sales Force,Security,RQ001332_Security_23,
RQ001332_Security_24,Root\BAU\Regression\Regression Validation\R18.11A Regression\Sales Force,Security,RQ001332_Security_24,
RQ001332_Security_25,Root\BAU\Regression\Regression Validation\R18.11A Regression\Sales Force,Security,RQ001332_Security_25,
RQ001332_Security_26,Root\BAU\Regression\Regression Validation\R18.11A Regression\Sales Force,Security,RQ001332_Security_26,
KM_TC08_Communication_Alerts,Root\BAU\Regression\Regression Validation\R18.11A Regression\Sales Force,Km,TC8_SFDC Communication Alerts,
KM_TC09_View_Notification,Root\BAU\Regression\Regression Validation\R18.11A Regression\Sales Force,Km,,
KM_TC1_Ability_search_view_knowledge_article,Root\BAU\Regression\Regression Validation\R18.11A Regression\Sales Force,Km,TC1_Ability to search and view knowledge article,
KM_TC2_Ability_search_view_knowledge_article,Root\BAU\Regression\Regression Validation\R18.11A Regression\Sales Force,Km,TC2_Ability to search and view knowledge article,
KM_TC3_Ability_search_view_knowledge_article,Root\BAU\Regression\Regression Validation\R18.11A Regression\Sales Force,Km,TC3_Ability to search and view knowledge article,
KM_TC4_Ability_search_view_knowledge_article,Root\BAU\Regression\Regression Validation\R18.11A Regression\Sales Force,Km,TC4_Ability to search and view knowledge article,
Sprint6_TC01_FindCustomerMember,Root\BAU\Regression\Regression Validation\R18.11A Regression\Sales Force,Find Customer,Tc1_Find Customer-Member,
Sprint6_TC02_FindCustomerMemberAddContact,Root\BAU\Regression\Regression Validation\R18.11A Regression\Sales Force,Find Customer,Tc2_Find Customer-Member,
Sprint6_TC3_Find_Customer_Provider,Root\BAU\Regression\Regression Validation\R18.11A Regression\Sales Force,Find Customer,Tc3_Find Customer-Provider,
Sprint6_TC04_SearchingGroup_Through_Find_Customer,Root\BAU\Regression\Regression Validation\R18.11A Regression\Sales Force,Find Customer,Tc4_Find Customer-Group,
Sprint6_TC05_Search_And_Verification_Of_Broker,Root\BAU\Regression\Regression Validation\R18.11A Regression\Sales Force,Find Customer,Tc5_Search and Verification of Broker from Find Customer,
Sprint6_TC06_Existing_BrokerAgency_Search,Root\BAU\Regression\Regression Validation\R18.11A Regression\Sales Force,Find Customer,Tc6_Search and Verification of Broker Agency from Find Customer,
SLA_TC23_GAUSLATimeline,Root\BAU\Regression\Regression Validation\R18.11A Regression\Sales Force,SLA,,
SLA_TC001_CC_GAU,Root\BAU\Regression\Regression Validation\R18.11A Regression\Sales Force,SLA,Tc1_View a Case created by CC team assigned to GAU team.,
SLA_TC002_CC_QPI,Root\BAU\Regression\Regression Validation\R18.11A Regression\Sales Force,SLA,Tc2_View a Case created by CC team assigned to QPI team.,
SLA_TC004_CC_Benefits,Root\BAU\Regression\Regression Validation\R18.11A Regression\Sales Force,SLA,Tc4_View a Case created by CC team assigned to Benefits Administration team.,
SLA_TC003_CC_Claims,Root\BAU\Regression\Regression Validation\R18.11A Regression\Sales Force,SLA,Tc3_View a Case created by CC team assigned to Claims team.,
SLA_TC005_QPI_Claims,Root\BAU\Regression\Regression Validation\R18.11A Regression\Sales Force,SLA,Tc5_View a Case created by QPI team assigned to Claims team.,
SLA_TC010_GAU_ViewCaseTimeLine,Root\BAU\Regression\Regression Validation\R18.11A Regression\Sales Force,SLA,"Tc10_View the SLA start timeline for a Case created   GAU team Clinical Commercial, Case type  Appeal , case sub type   Concurrent Medical Appeal , Priority Expedited.",
SLA_TC24_GAUSLADeterminationLetterMedicare,Root\BAU\Regression\Regression Validation\R18.11A Regression\Sales Force,SLA,,
SLA_TC25_UpdateCompanyRecievedDateSLA,Root\BAU\Regression\Regression Validation\R18.11A Regression\Sales Force,SLA,,
SLA_TC15_GAU_Decision_Letter,Root\BAU\Regression\Regression Validation\R18.11A Regression\Sales Force,SLA,"Tc15_Decision Letter must be sent in 24 Hours  GAU team  Medicare Admin, Case type  Grievance, case sub type  Part C Grievance, Priority   Expedited",
SLA_TC014_GAU_ViewCase,Root\BAU\Regression\Regression Validation\R18.11A Regression\Sales Force,SLA,,
SLA_TC011_GAU_ViewCaseTimeLine,Root\BAU\Regression\Regression Validation\R18.11A Regression\Sales Force,SLA,"Tc11_View the SLA start timeline for a Case created   GAU team Clinical Commercial, Case type  FEP Appeal , case sub type   Concurrent Medical Appeal, Priority Standard, Liability  Member",
SLA_TC012_GAU_ViewCaseTimeLine,Root\BAU\Regression\Regression Validation\R18.11A Regression\Sales Force,SLA,"Tc12_View the SLA start timeline for a Case created   GAU team Commercial Admin, Case type  Complaint , case sub type  Senior Management Complaint, Liability  member, priority Expedited",
SLA_TC17_QPI_Determine_Letter_MedicareQoc,Root\BAU\Regression\Regression Validation\R18.11A Regression\Sales Force,SLA,"Tc17_verify that if  Determination letter not sent in 30 days, can get  SLA trigger we did not get additional 14 days on  QPI  case  Case Type Medicare QoC",
SLA_TC19_GAU_Determination,Root\BAU\Regression\Regression Validation\R18.11A Regression\Sales Force,SLA,,
SLA_TC26_GAU_DENC_letter,Root\BAU\Regression\Regression Validation\R18.11A Regression\Sales Force,SLA,,
SLA_TC013_GAU_ViewCaseTimeLine,Root\BAU\Regression\Regression Validation\R18.11A Regression\Sales Force,SLA,"Tc13_View the SLA start timeline for a Case created   GAU team Commercial Admin, Case type  Complaint, case sub type  Complaint, Liability  Provider, Priority Standard",
SLA_TC016_GAU_ViewCaseTimeLine,Root\BAU\Regression\Regression Validation\R18.11A Regression\Sales Force,SLA,"Tc16_View the SLA start timeline and SLA period  for a Case created with GAU team  Medicare Admin, Case type  CTM, Origin Portal, Sub Origin CMS, Issue Level  Urgent",
SLA_TC008_DueDate_QPI,Root\BAU\Regression\Regression Validation\R18.11A Regression\Sales Force,SLA,Tc8_Verify that Due Date can t be entered   60 days on QPI case by QPI Manager,
SLA_TC009_DueDate_GAU,Root\BAU\Regression\Regression Validation\R18.11A Regression\Sales Force,SLA,Tc9_Verify that Due Date can t be entered   60 days on GAU case by GAU lead,
SLA_TC020_GAU_ViewCaseTimeLine,Root\BAU\Regression\Regression Validation\R18.11A Regression\Sales Force,SLA,"Tc20_View the SLA start timeline for a Case created   GAU team Commercial Admin, Case type   Appeal , case sub type    Administrative Appeal   Liability  member, priority standard",
SLA_TC021_GAU_ViewCaseTimeLine,Root\BAU\Regression\Regression Validation\R18.11A Regression\Sales Force,SLA,"Tc21_View the SLA start timeline for a Case created   GAU team Medicare Admin, Case type  Appeal , case sub type   Part C Medicare Claim Appeal  Liability  member, priority  Standard",
SLA_TC22_ViewSLAStartTime,Root\BAU\Regression\Regression Validation\R18.11A Regression\Sales Force,SLA,,
SLA_TC007_assigned_Other_Member_Pharmacy,Root\BAU\Regression\Regression Validation\R18.11A Regression\Sales Force,SLA,Tc7_Verify that SLA should not reset when case assigned to other member in same Pharmacy Performance team(dept),
SLA_Changing_Priority,Root\BAU\Regression\Regression Validation\R18.11A Regression\Sales Force,SLA,,
TC6_Networkmanagement,Root\BAU\Regression\Regression Validation\R18.11A Regression\Sales Force,End 2 End,TC6_Network management,
TC7_Bluecardclaims,Root\BAU\Regression\Regression Validation\R18.11A Regression\Sales Force,End 2 End,TC7_Blue card claims,
TC8_Bluecardclaims,Root\BAU\Regression\Regression Validation\R18.11A Regression\Sales Force,End 2 End,TC8_Blue card claims,
TC9_Bluecardclaims,Root\BAU\Regression\Regression Validation\R18.11A Regression\Sales Force,End 2 End,TC9_Blue card claims,
TC10_Bluecardclaims,Root\BAU\Regression\Regression Validation\R18.11A Regression\Sales Force,End 2 End,TC10_Blue card claims,
TC11_Bluecardclaims,Root\BAU\Regression\Regression Validation\R18.11A Regression\Sales Force,End 2 End,TC11_Blue card claims,
TC12_FEP_CLAIMS,Root\BAU\Regression\Regression Validation\R18.11A Regression\Sales Force,End 2 End,TC12_FEP_CLAIMS,
TC13_FEP_CLAIMS,Root\BAU\Regression\Regression Validation\R18.11A Regression\Sales Force,End 2 End,TC13_FEP_CLAIMS,
TC14_OCL,Root\BAU\Regression\Regression Validation\R18.11A Regression\Sales Force,End 2 End,TC14_OCL,
TC15_OCL,Root\BAU\Regression\Regression Validation\R18.11A Regression\Sales Force,End 2 End,TC15_OCL,
TC16_OCL,Root\BAU\Regression\Regression Validation\R18.11A Regression\Sales Force,End 2 End,TC16_OCL,
TC17_MemberandResearch,Root\BAU\Regression\Regression Validation\R18.11A Regression\Sales Force,End 2 End,TC17_Member and Research,
TC18_MemberandResearch,Root\BAU\Regression\Regression Validation\R18.11A Regression\Sales Force,End 2 End,TC18_Member and Research,
TC19_MemberandResearch,Root\BAU\Regression\Regression Validation\R18.11A Regression\Sales Force,End 2 End,TC19_Member and Research,
TC26_QPI,Root\BAU\Regression\Regression Validation\R18.11A Regression\Sales Force,End 2 End,TC26_QPI,
TC27_QPI,Root\BAU\Regression\Regression Validation\R18.11A Regression\Sales Force,End 2 End,TC27_QPI,
TC28_QPI,Root\BAU\Regression\Regression Validation\R18.11A Regression\Sales Force,End 2 End,TC28_QPI,
TC30_ESG,Root\BAU\Regression\Regression Validation\R18.11A Regression\Sales Force,End 2 End,TC30_ESG,
TC31_ESG,Root\BAU\Regression\Regression Validation\R18.11A Regression\Sales Force,End 2 End,TC31_ESG,
TC32_ProviderandResearch,Root\BAU\Regression\Regression Validation\R18.11A Regression\Sales Force,End 2 End,TC32_Provider and Research,
TC33_ProviderandResearch,Root\BAU\Regression\Regression Validation\R18.11A Regression\Sales Force,End 2 End,TC33_Provider and Research,
TC34_ProviderandResearch,Root\BAU\Regression\Regression Validation\R18.11A Regression\Sales Force,End 2 End,TC34_Provider and Research,
TC35_ProviderandResearch,Root\BAU\Regression\Regression Validation\R18.11A Regression\Sales Force,End 2 End,TC35_Provider and Research,
TC36_MemberandResearch,Root\BAU\Regression\Regression Validation\R18.11A Regression\Sales Force,End 2 End,TC36_Member and Research,
TC38_Security,Root\BAU\Regression\Regression Validation\R18.11A Regression\Sales Force,End 2 End,TC38_Security,
TC39_d_LetterTemplates_NonGAUQPI_CustomLetter,Root\BAU\Regression\Regression Validation\R18.11A Regression\Sales Force,End 2 End,TC39_Letter Templates (Non GAU QPI)_Custom Letter,
TC41_y_LetterTemplatesNonGAUQPI_DeceasedMemberNotification_DirectPayOnly,Root\BAU\Regression\Regression Validation\R18.11A Regression\Sales Force,End 2 End,TC41_y_Letter Templates (Non GAU QPI)_Deceased Member Notification - Direct Pay Only,
TC43_e_LetterTemplates_NonGAUQPI_PremiumConfirmation,Root\BAU\Regression\Regression Validation\R18.11A Regression\Sales Force,End 2 End,TC43_e_Letter Templates (Non GAU QPI)_Premium Confirmation,
TC44_g_LetterTemplates_NonGAUQPI_SubscriberAgreementUnavailable_Research,Root\BAU\Regression\Regression Validation\R18.11A Regression\Sales Force,End 2 End,TC44_g_Letter Templates (Non GAU QPI)_Subscriber Agreement Unavailable_Research,
TC52_ResearchandMember,Root\BAU\Regression\Regression Validation\R18.11A Regression\Sales Force,End 2 End,TC52_Research and Member_Verify Material Request Letter,
TC53_BasicClaim,Root\BAU\Regression\Regression Validation\R18.11A Regression\Sales Force,End 2 End,TC53_Basic Claim,
TC54_Medicare_Benefits,Root\BAU\Regression\Regression Validation\R18.11A Regression\Sales Force,End 2 End,TC54_Medicare_Benefits,
TC55_Medicare_Claims,Root\BAU\Regression\Regression Validation\R18.11A Regression\Sales Force,End 2 End,TC55_Medicare_Claims,
TC56_Membership_eligibility,Root\BAU\Regression\Regression Validation\R18.11A Regression\Sales Force,End 2 End,TC56_Medicare_Membership_eligibility,
TC59_Medicare,Root\BAU\Regression\Regression Validation\R18.11A Regression\Sales Force,End 2 End,TC59_Medicare,
TC60_Medicare,Root\BAU\Regression\Regression Validation\R18.11A Regression\Sales Force,End 2 End,TC60_Medicare,
TC61_Medicare,Root\BAU\Regression\Regression Validation\R18.11A Regression\Sales Force,End 2 End,TC61_Medicare,
TC62_y_LetterTemplatesNonGAUQPI_DeceasedMemberNotification_DirectPayOnly,Root\BAU\Regression\Regression Validation\R18.11A Regression\Sales Force,End 2 End,TC62_y_Letter Templates (Non GAU QPI)_Deceased Member Notification - Direct Pay Only,
TC64_ENDtoENDforMedicareOverflow,Root\BAU\Regression\Regression Validation\R18.11A Regression\Sales Force,End 2 End,TC64_END to END for Medicare Overflow,
TC66_MemberandResearch,Root\BAU\Regression\Regression Validation\R18.11A Regression\Sales Force,End 2 End,TC66_Member and Research_Routing to QPI,
TC67_Member_ResearchE2EflowforSIU,Root\BAU\Regression\Regression Validation\R18.11A Regression\Sales Force,End 2 End,TC67_Member_Research E2E flow for SIU,
TC1_MemberandResearch_Benefits,Root\BAU\Regression\Regression Validation\R18.11A Regression\Sales Force,sanity,TC1_Member and Research_Benefits,
TC2_MemberandResearch_Claims,Root\BAU\Regression\Regression Validation\R18.11A Regression\Sales Force,sanity,TC2_Member and Research_Claims,
TC3_Membership_eligibility_MemberandResearch,Root\BAU\Regression\Regression Validation\R18.11A Regression\Sales Force,sanity,TC3_Membership_eligibility_Member and Research,
TC5_Group,Root\BAU\Regression\Regression Validation\R18.11A Regression\Sales Force,sanity,TC5_Group,
TC37_Security,Root\BAU\Regression\Regression Validation\R18.11A Regression\Sales Force,sanity,TC37_Security,
TC4_Provider_andResearch,Root\BAU\Regression\Regression Validation\R18.11A Regression\Sales Force,sanity,TC4_Provider_and Research,
TC20_GAU,Root\BAU\Regression\Regression Validation\R18.11A Regression\Sales Force,sanity,TC20_GAU,
TC24_QPI,Root\BAU\Regression\Regression Validation\R18.11A Regression\Sales Force,sanity,TC24_QPI,
TC25_QPI,Root\BAU\Regression\Regression Validation\R18.11A Regression\Sales Force,sanity,TC25_QPI,
TC45_Credit_Collections,Root\BAU\Regression\Regression Validation\R18.11A Regression\Sales Force,sanity,TC45_Credit and Collections,
TC46_Credit_Collections,Root\BAU\Regression\Regression Validation\R18.11A Regression\Sales Force,sanity,TC46_Credit and Collections,
TC47_WorkRelatedInjury,Root\BAU\Regression\Regression Validation\R18.11A Regression\Sales Force,sanity,TC47_Work Related Injury,
TC48_WorkRelatedInjury,Root\BAU\Regression\Regression Validation\R18.11A Regression\Sales Force,sanity,TC48_Work Related Injury,
TC49_CTIRouting,Root\BAU\Regression\Regression Validation\R18.11A Regression\Sales Force,sanity,TC49_CTI Routing,
TC40_l_LetterTemplates_NonGAUQPI_Appealwrittenformember_BlueCHiPonly_Research,Root\BAU\Regression\Regression Validation\R18.11A Regression\Sales Force,sanity,TC40_l_Letter Templates (Non GAU QPI)_Appeal written for member - BlueCHiP only_Research,
TC42_q_LetterTemplates_NonGAUQPI_ClaimAdjustmentRequestForm,Root\BAU\Regression\Regression Validation\R18.11A Regression\Sales Force,sanity,TC42_q_Letter Templates (Non GAU QPI)_Claim  Adjustment Request Form,
TC29_QPI,Root\BAU\Regression\Regression Validation\R18.11A Regression\Sales Force,sanity,TC29_QPI,
TC21_GAU,Root\BAU\Regression\Regression Validation\R18.11A Regression\Sales Force,sanity,TC21_GAU,
TC22_GAU,Root\BAU\Regression\Regression Validation\R18.11A Regression\Sales Force,sanity,TC22_GAU,
TC23_GAU,Root\BAU\Regression\Regression Validation\R18.11A Regression\Sales Force,sanity,TC23_GAU,
TC10_Routing_Cases_to_CM,Root\BAU\Regression\Regression Validation\R18.11A Regression\Sales Force,Case route omni channel and Maximus,Tc10_Routing Cases to CM,
TC11_Routing_Cases_to_CM,Root\BAU\Regression\Regression Validation\R18.11A Regression\Sales Force,Case route omni channel and Maximus,Tc11_Routing Cases to CM,
RQ0001446_TC01_Case_Priority_Of_GAU_Case_With_Complaints_And_Appeals_Complaints_CommercialRx,Root\BAU\Regression\Regression Validation\R18.11A Regression\Sales Force,Case route omni channel and Maximus,Tc16_Case Priority of GAU case with Complaints and Appeals  Complaints  Commercial Rx,
RQ0001446_TC02_Case_Priority_Of_GAU_Case_With_Complaints_And_Appeals_Complaints_CommercialRx,Root\BAU\Regression\Regression Validation\R18.11A Regression\Sales Force,Case route omni channel and Maximus,Tc17_Case Priority of GAU case with Complaints and Appeals  Complaints  Commercial Rx,
RQ0001741_Changing_Priority_On_Case_01,Root\BAU\Regression\Regression Validation\R18.11A Regression\Sales Force,Case route omni channel and Maximus,Tc18_Changing Priority on Case_01,
TC20_View_A_Case_Which_IS_Assigned_to_Utilization_ManagementQueue,Root\BAU\Regression\Regression Validation\R18.11A Regression\Sales Force,Case route omni channel and Maximus,Tc20_View a case which is assigned to Utilization Management Queue,
RQ0001559_View_a_case_which_is_assigned_to_Utilization_Management_Queue,Root\BAU\Regression\Regression Validation\R18.11A Regression\Sales Force,Case route omni channel and Maximus,Tc21_View a case which is assigned to Utilization Management Queue,
RQ0001492_Casefor_Possible_Fraud_001,Root\BAU\Regression\Regression Validation\R18.11A Regression\Sales Force,Case route omni channel and Maximus,Tc22_Case for Possible Fraud _001,
RQ0001492_Casefor_Possible_Fraud_002,Root\BAU\Regression\Regression Validation\R18.11A Regression\Sales Force,Case route omni channel and Maximus,Tc23_Case for Possible Fraud _002,
RQ0001492_Casefor_Possible_Fraud_003,Root\BAU\Regression\Regression Validation\R18.11A Regression\Sales Force,Case route omni channel and Maximus,Tc24_Case for Possible Fraud _003,
TC32_GenerateDesigneeFormAndApprovalProcess,Root\BAU\Regression\Regression Validation\R18.11A Regression\Sales Force,Case route omni channel and Maximus,Tc32_ Generate Designee Form and  Approval Process,
TC33_GenPowerOfAttorneyFormNApprovalProcess,Root\BAU\Regression\Regression Validation\R18.11A Regression\Sales Force,Case route omni channel and Maximus,Tc33_ Generate Power of Attorney form and Approval Process,
TC41_Validate_CreationOf_Parent_Child_Grandchild_Cases,Root\BAU\Regression\Regression Validation\R18.11A Regression\Sales Force,Case route omni channel and Maximus,Tc41_Validate creation of Parent Child Grandchild cases,
TC44_Validation_of_MisRouted_Case_to_ReturnedToSender_Provider,Root\BAU\Regression\Regression Validation\R18.11A Regression\Sales Force,Case route omni channel and Maximus,Tc44_Validation of MisRouted Case to returned to Sender _ Provider,
TC45_Validation_of_MisRouted_Case_to_ReturnedToSender_When_User_Is_Not_Active,Root\BAU\Regression\Regression Validation\R18.11A Regression\Sales Force,Case route omni channel and Maximus,Tc45_Validation of MisRouted Case to returned to Sender when User is not active,
TC46_EmailToCase,Root\BAU\Regression\Regression Validation\R18.11A Regression\Sales Force,Case route omni channel and Maximus,Tc46_Email 2 Case,
TC47_EmailToCase,Root\BAU\Regression\Regression Validation\R18.11A Regression\Sales Force,Case route omni channel and Maximus,Tc47_Email 2 Case,
TC48_EmailToCase,Root\BAU\Regression\Regression Validation\R18.11A Regression\Sales Force,Case route omni channel and Maximus,Tc48_Email 2 Case,
TC49_EmailToCase,Root\BAU\Regression\Regression Validation\R18.11A Regression\Sales Force,Case route omni channel and Maximus,Tc49_Email 2 Case,
TC50_EmailToCase,Root\BAU\Regression\Regression Validation\R18.11A Regression\Sales Force,Case route omni channel and Maximus,Tc50_Email 2 Case,
TC51_EmailToCase,Root\BAU\Regression\Regression Validation\R18.11A Regression\Sales Force,Case route omni channel and Maximus,Tc51_Email 2 Case,
TC52_RQ0001380_UpdateGAUCasePriority,Root\BAU\Regression\Regression Validation\R18.11A Regression\Sales Force,Case route omni channel and Maximus,Tc52_Ability to adjust assign priority on the case manually,
TC53_GAU_CaseOmniChannelRouting,Root\BAU\Regression\Regression Validation\R18.11A Regression\Sales Force,Case route omni channel and Maximus,Tc53_GAU Omni Channel Routing,
TC54_GAU_CaseOmniChannelRouting,Root\BAU\Regression\Regression Validation\R18.11A Regression\Sales Force,Case route omni channel and Maximus,Tc54_GAU Omni Channel Routing,
TC55_GAU_CaseOmniChannelRouting,Root\BAU\Regression\Regression Validation\R18.11A Regression\Sales Force,Case route omni channel and Maximus,Tc55_GAU Omni Channel Routing,
TC56_GAU_CaseOmniChannelRouting,Root\BAU\Regression\Regression Validation\R18.11A Regression\Sales Force,Case route omni channel and Maximus,Tc56_GAU Omni Channel Routing,
TC57_GAU_CaseOmniChannelRouting,Root\BAU\Regression\Regression Validation\R18.11A Regression\Sales Force,Case route omni channel and Maximus,Tc57_GAU Omni Channel Routing,
TC58_GAU_CaseOmniChannelRouting,Root\BAU\Regression\Regression Validation\R18.11A Regression\Sales Force,Case route omni channel and Maximus,Tc58_GAU Omni Channel Routing,
TC59_GAU_CaseOmniChannelRouting,Root\BAU\Regression\Regression Validation\R18.11A Regression\Sales Force,Case route omni channel and Maximus,Tc59_GAU Omni Channel Routing,
TC60_GAU_CaseOmniChannelRouting,Root\BAU\Regression\Regression Validation\R18.11A Regression\Sales Force,Case route omni channel and Maximus,Tc60_GAU Omni Channel Routing,
TC61_MaximusPart_DQIC_Drug_AppealForm,Root\BAU\Regression\Regression Validation\R18.11A Regression\Sales Force,Case route omni channel and Maximus,Tc61_Maximus   Part D Q.I.C Drug Appeal Form,
TC62_Maximus_Reconsideration_Background_Data_PartCForm,Root\BAU\Regression\Regression Validation\R18.11A Regression\Sales Force,Case route omni channel and Maximus,Tc62_Maximus   Reconsideration Background Data   Part C Form,
TC63_Maximus_Reopening_Request_Form,Root\BAU\Regression\Regression Validation\R18.11A Regression\Sales Force,Case route omni channel and Maximus,Tc63_Maximus   Reopening Request Form,
TC64_CreateCaseWithNewBroker,Root\BAU\Regression\Regression Validation\R18.11A Regression\Sales Force,Case route omni channel and Maximus,Tc64_Create Case with New Broker,
TC65_Search_For_The_Prospect_Group_From_Find_Customer,Root\BAU\Regression\Regression Validation\R18.11A Regression\Sales Force,Case route omni channel and Maximus,Tc65_Search for the Prospect Group from Find customer,
TC66_Search_For_The_Prospect_Group_From_Find_Customer_ESGAgent,Root\BAU\Regression\Regression Validation\R18.11A Regression\Sales Force,Case route omni channel and Maximus,Tc66_Search for the Prospect Group from Find customer_ESG Agent,
TC67_Temp_Acc_Contact_Name_Not_associated_To_Group,Root\BAU\Regression\Regression Validation\R18.11A Regression\Sales Force,Case route omni channel and Maximus,Tc67_Temporary Account and Contact Name for accounts that are not associated to Group,
TC68_Temp_Acc_Contact_Name_Not_associated_To_Group,Root\BAU\Regression\Regression Validation\R18.11A Regression\Sales Force,Case route omni channel and Maximus,Tc68_Temporary Account and Contact Name for accounts that are not associated to Group,
TC70_BO_SubStatus_TC1,Root\BAU\Regression\Regression Validation\R18.11A Regression\Sales Force,Case route omni channel and Maximus,Tc70_BO_Sub Status_Tc1,
TC71_BO_SubStatus_TC1,Root\BAU\Regression\Regression Validation\R18.11A Regression\Sales Force,Case route omni channel and Maximus,Tc71_BO_Sub Status_Tc2,
TC72_BO_SubStatus_TC1,Root\BAU\Regression\Regression Validation\R18.11A Regression\Sales Force,Case route omni channel and Maximus,Tc72_BO_Sub Status_Tc1,
TC73_ReconsiderationForComplaintsAppeals,Root\BAU\Regression\Regression Validation\R18.11A Regression\Sales Force,Case route omni channel and Maximus,Tc73_Verify the Type Reconsideration for Category Complaints  and Appeals.,
TC74_Audit_Trail_On_PriorityNotes,Root\BAU\Regression\Regression Validation\R18.11A Regression\Sales Force,Case route omni channel and Maximus,Tc74_ Audit Trail on Priority Notes,
TC75_Audit_Trail_On_Priority_Notes,Root\BAU\Regression\Regression Validation\R18.11A Regression\Sales Force,Case route omni channel and Maximus,Tc75_ Audit Trail on Priority Notes,
TC76_23157_Audit_Trail_On_Contact_Screens_Tc1,Root\BAU\Regression\Regression Validation\R18.11A Regression\Sales Force,Case route omni channel and Maximus,Tc76_Audit Trail on Contact Screens,
TC77_Audit_Trail_on_Contact_Screen,Root\BAU\Regression\Regression Validation\R18.11A Regression\Sales Force,Case route omni channel and Maximus,Tc77_Audit Trail on Contact Screens,
TC80_21848_3rdPartyForms_TC4,Root\BAU\Regression\Regression Validation\R18.11A Regression\Sales Force,Case route omni channel and Maximus,Tc80_3rd party Forms,
TC81_ExternalEmailToCase_MultipleGroups,Root\BAU\Regression\Regression Validation\R18.11A Regression\Sales Force,Case route omni channel and Maximus,Tc81_External Email to Case can have multiple groups association from one parent account,
TC82_ExternalEmailToCase_MultipleGroups,Root\BAU\Regression\Regression Validation\R18.11A Regression\Sales Force,Case route omni channel and Maximus,Tc82_External Email to Case can have multiple groups association from one parent account (route case to different team),
TC83_Verify_The_CaseReason_Values_For_Category_AIT_LargeGroup_And_Type_General_Inquiries,Root\BAU\Regression\Regression Validation\R18.11A Regression\Sales Force,Case route omni channel and Maximus,Tc83_Verify the Case Reason Values for Category AIT Large Group and Type General Inquiries,
TC84_Verif_The_Case_Reason_Values_For_Category_AIT_SmallGroup_And_Type_Electronic_Enrollment,Root\BAU\Regression\Regression Validation\R18.11A Regression\Sales Force,Case route omni channel and Maximus,Tc84_Verify the Case Reason Values for Category AIT Small Group and Type Electronic Enrollment,
TC85_CaseReason_Category_SIU,Root\BAU\Regression\Regression Validation\R18.11A Regression\Sales Force,Case route omni channel and Maximus,Tc85_Verify the Case Reason Values for Category SIU,
TC86_CaseReason_Category_SIU,Root\BAU\Regression\Regression Validation\R18.11A Regression\Sales Force,Case route omni channel and Maximus,Tc86_Verify the Case Reason Values for Category SIU,
TC87_22094_CTI_ValueForCaseWithRecordTypeSales,Root\BAU\Regression\Regression Validation\R18.11A Regression\Sales Force,Case route omni channel and Maximus,"Tc87_ Category , Type and Items value for case with record type  Sales",
TC89_GAUCaseCreation_And_PreQC_For_New_Fields,Root\BAU\Regression\Regression Validation\R18.11A Regression\Sales Force,Case route omni channel and Maximus,Tc89_GAU Case Creation and Pre QC for new fields,
RQ0001323_TC01_Ability_to_view_Claim_History_on_CaseObject,Root\BAU\Regression\Regression Validation\R18.11A Regression\Sales Force,Case route omni channel and Maximus,Tc8_Ability to view Claim history on Case Object,
TC90_Add_Change_Delete_Multiple_Provider,Root\BAU\Regression\Regression Validation\R18.11A Regression\Sales Force,Case route omni channel and Maximus,"Tc90_The ability to add, change or delete multiple providers to a GAU case should not be available Post QC is approved Commercial Admin",
TC91_22972_TL_UpdateThe_GAUCases_PostQC_Approvals_Commercial_Admin,Root\BAU\Regression\Regression Validation\R18.11A Regression\Sales Force,Case route omni channel and Maximus,Tc91_TL or higher will have access to update the GAU cases Post QC approvals Commercial Admin,
TC92_Edit_The_Contact_Info_Details_On_GAUCase_Member,Root\BAU\Regression\Regression Validation\R18.11A Regression\Sales Force,Case route omni channel and Maximus,Tc92_ Edit the contact info details on GAU case (member),
TC93_Edit_The_Contact_Info_Details_On_QPICase_Provider,Root\BAU\Regression\Regression Validation\R18.11A Regression\Sales Force,Case route omni channel and Maximus,Tc93_ Edit the contact info details on QPI case (Provider),
TC94_EditCaseTrackingCommerical,Root\BAU\Regression\Regression Validation\R18.11A Regression\Sales Force,Case route omni channel and Maximus,Tc94_ Editing of fields after case has been saved_Commercial needs to have tracking,
TC95_EditCaseTrackingESG,Root\BAU\Regression\Regression Validation\R18.11A Regression\Sales Force,Case route omni channel and Maximus,Tc95_ Editing of fields after case has been saved (Member)_ESG needs to have tracking,
RQ0001323_TC02_Ability_to_view_Claim_History_on_CaseObject,Root\BAU\Regression\Regression Validation\R18.11A Regression\Sales Force,Case route omni channel and Maximus,Tc9_Ability to view Claim history on Case Object,
ESB services,Root\BAU\Regression\Regression Validation\R18.11A Regression\Sales Force,ESB Validation,[1]Tc9_Member Claims,
ESB services,Root\BAU\Regression\Regression Validation\R18.11A Regression\Sales Force,ESB Validation,Tc5_ID card Request,
ESB services,Root\BAU\Regression\Regression Validation\R18.11A Regression\Sales Force,ESB Validation,Tc6_ID card Request,
ESB services,Root\BAU\Regression\Regression Validation\R18.11A Regression\Sales Force,ESB Validation,Tc3_View Plan History,
ESB services,Root\BAU\Regression\Regression Validation\R18.11A Regression\Sales Force,ESB Validation,Tc2_Member Coverage,
ESB services,Root\BAU\Regression\Regression Validation\R18.11A Regression\Sales Force,ESB Validation,Tc15_Provider details,
ESB services,Root\BAU\Regression\Regression Validation\R18.11A Regression\Sales Force,ESB Validation,Tc1_Member Details and Demographic Information,
ESB services,Root\BAU\Regression\Regression Validation\R18.11A Regression\Sales Force,ESB Validation,Tc4_View Benefits and Accumulators,
ESB services,Root\BAU\Regression\Regression Validation\R18.11A Regression\Sales Force,ESB Validation,Tc9_Member Claims,
ESB services,Root\BAU\Regression\Regression Validation\R18.11A Regression\Sales Force,ESB Validation,Tc8_View Disbursement,
ESB services,Root\BAU\Regression\Regression Validation\R18.11A Regression\Sales Force,ESB Validation,Tc18_Group Details,
ESB services,Root\BAU\Regression\Regression Validation\R18.11A Regression\Sales Force,ESB Validation,Tc21_Group products,
ESB services,Root\BAU\Regression\Regression Validation\R18.11A Regression\Sales Force,ESB Validation,Tc12_View Medicare,
ESB services,Root\BAU\Regression\Regression Validation\R18.11A Regression\Sales Force,ESB Validation,Tc13_View Medicare,
ESB services,Root\BAU\Regression\Regression Validation\R18.11A Regression\Sales Force,ESB Validation,Tc11_Member Payment details,
ESB services,Root\BAU\Regression\Regression Validation\R18.11A Regression\Sales Force,ESB Validation,Tc16_Provider disbursements,
ESB services,Root\BAU\Regression\Regression Validation\R18.11A Regression\Sales Force,ESB Validation,Tc14_PCP Update by Research Agent,
ESB services,Root\BAU\Regression\Regression Validation\R18.11A Regression\Sales Force,ESB Validation,Tc10_Auth status,
ESB services,Root\BAU\Regression\Regression Validation\R18.11A Regression\Sales Force,ESB Validation,Tc7_Update Member Address,
ESB services,Root\BAU\Regression\Regression Validation\R18.11A Regression\Sales Force,ESB Validation,Tc17_PR_ITS Search_View_Route Host Claim,
ESB services,Root\BAU\Regression\Regression Validation\R18.11A Regression\Sales Force,ESB Validation,Tc19_Sub group details,
ESB services,Root\BAU\Regression\Regression Validation\R18.11A Regression\Sales Force,ESB Validation,Tc20_Group billing,
